{
    "deltaZ": 1145.46034460504,
    "offset_d0": -18643.907286991,
    "phi_d0": -0.00865533390655451,
    "phi_d1": -0.00850665009301915,
    "shiftPlanes": 25.1583041598728,
    "theta": 0.00186044115689266,
    "zDUT_d0": -556465.499942136
}
