{
    "deltaZ": 2453.36530088781,
    "offset_d0": -18634.4172192575,
    "phi_d0": -0.00887171537353182,
    "phi_d1": -0.00857711673849797,
    "shiftPlanes": -43.0136347900707,
    "theta": -0.0295311289865846,
    "zDUT_d0": -573731.240638007
}
