{
    "deltaZ": 1890.45028389897,
    "offset_d0": -17329.5943565179,
    "phi_d0": -0.0104268126436187,
    "phi_d1": -0.00875606299453018,
    "shiftPlanes": 18.9460342655591,
    "theta": -0.150155952168474,
    "zDUT_d0": -561347.311936584
}
